sequence,neutralization_raw,selectivity_raw,bbb_raw,neutralization_pct,selectivity_pct,bbb_pct,combined,pI,charge_pH7p4,mw,gravy,patch,bbb_raw_linear,rank
QSSQSLYNKNWLS,0.9994357645694991,0.9732245072899818,0.45996621626369955,1.0,0.3157894736842105,0.9473684210526315,0.7543859649122807,9.004497291658307,0.7969008693834674,1536.68,-1.2076923076923078,0.0,0.2598803359512693,1
QSSQSLYNKN,0.9987153060849938,0.996840062581408,0.45996621626369955,0.7368421052631579,0.5263157894736842,0.894736842105263,0.7192982456140351,9.004497291658307,0.7969008693834674,1150.23,-1.78,0.0,0.2598803359512693,2
VITKSGNTYYASWAKG,0.9989348401878064,0.0015331869469685502,0.49846744361927803,0.9473684210526315,0.10526315789473684,1.0,0.6842105263157894,9.90951555736087,1.7945116314684342,1727.95,-0.39375,0.2727272727272727,0.298467438819838,3
QSSQSLYNKN,0.9987153060849938,0.996840062581408,0.45996621626369955,0.6842105263157894,0.47368421052631576,0.8421052631578947,0.6666666666666666,9.004497291658307,0.7969008693834674,1150.23,-1.78,0.0,0.2598803359512693,4
RYHAVFAFASPGG,0.0009205493329443421,0.998880931643596,0.37527585818614123,0.21052631578947367,0.8421052631578947,0.7368421052631579,0.5964912280701754,9.056955182131212,0.9091066446866369,1361.54,0.23076923076923073,0.75,0.17258779953955045,5
ARHAFASPG,0.0014976191251115146,0.9977919857114689,0.41483667993651385,0.3684210526315789,0.631578947368421,0.7894736842105263,0.5964912280701754,10.25683703134732,0.9110979338573653,895.0,-0.2555555555555556,0.25,0.2139984781466887,6
GRYGIGVSYYDI,0.9988771202367329,0.996543198913784,0.2137539010406567,0.894736842105263,0.3684210526315789,0.2631578947368421,0.5087719298245613,5.977227345217663,-0.2063755756353065,1344.5,-0.05833333333333334,0.2857142857142857,-0.02561112207286595,7
ARHDGYPFAY,0.0006032595029275185,0.9987907215986794,0.2473528309857926,0.15789473684210525,0.7894736842105263,0.5263157894736842,0.4912280701754386,7.246137938059293,-0.0925685166864616,1178.29,-0.9400000000000001,0.2,0.021804807982333276,8
GRYGIGVSYYDI,0.9988771202367329,0.996543198913784,0.2137539010406567,0.8421052631578947,0.42105263157894735,0.21052631578947367,0.49122807017543857,5.977227345217663,-0.2063755756353065,1344.5,-0.05833333333333334,0.2857142857142857,-0.02561112207286595,9
LRSLTSEDLHDGYPFAY,0.00039239348623432727,0.9996986265085932,0.23566076444032952,0.05263157894736842,1.0,0.42105263157894735,0.49122807017543857,4.305689457794617,-2.0917514527180177,1966.17,-0.5352941176470589,0.08333333333333333,0.005845403972298691,10
RASQDFGSSGWRDRR,0.0001654412680234482,0.9981199799116152,0.2956120586990245,0.0,0.7368421052631579,0.6842105263157894,0.47368421052631576,12.022933675193133,1.799890590016752,1762.88,-1.8666666666666667,0.0,0.08292968121215075,11
KASTLES,0.9976085638364541,0.004327023654490493,0.25479569882209835,0.5789473684210527,0.21052631578947367,0.631578947368421,0.47368421052631576,6.070768699931639,-0.2006069052749906,716.8,-0.5857142857142856,0.0,0.03170090809926871,12
LEAQAASRT,0.0041209612613566215,0.99746193962226,0.225179953003661,0.47368421052631576,0.5789473684210527,0.3157894736842105,0.4561403508771929,6.071113350953693,-0.20021689974993784,928.03,-0.4222222222222222,0.25,-0.008932732824490829,13
ARHDGYPFAYASG,0.0013492965130563553,0.9994502227418881,0.19209679394722434,0.2631578947368421,0.9473684210526315,0.10526315789473684,0.4385964912280702,7.246137938059293,-0.0925685166864616,1393.5,-0.676923076923077,0.5,-0.05911071917996908,14
LQYSSSPT,0.014178313823481547,0.0025988867815897277,0.2547255628294827,0.5263157894736842,0.15789473684210525,0.5789473684210527,0.42105263157894735,5.548269836079365,-0.20270118187222796,863.94,-0.7125,0.0,0.03160855470675148,15
QGEFSCSSADCTA,0.9987766754997734,0.0011074328790576186,0.23469038770780684,0.7894736842105263,0.0,0.3684210526315789,0.3859649122807018,3.341006950389832,-2.347067940968204,1287.36,-0.2,0.0,0.004496668116036301,16
ARSLTSEDSALGYPFAY,0.0004426246764616871,0.9991639970437068,0.21283259260425094,0.10526315789473684,0.894736842105263,0.15789473684210525,0.3859649122807017,4.083035031316335,-1.203883350293765,1830.02,-0.20000000000000004,0.25,-0.02698375880011106,17
AHTSLGDYFAY,0.0013879376904720859,0.9980248860339768,0.19131842864394127,0.3157894736842105,0.6842105263157894,0.05263157894736842,0.3508771929824561,5.227194968502397,-1.0925605734672095,1226.33,-0.09090909090909095,0.3333333333333333,-0.06036650657821355,18
EAYWGQGTTTVSA,0.0021654669777726875,0.0011549900963122423,0.24135244356241956,0.42105263157894735,0.05263157894736842,0.47368421052631576,0.3157894736842105,3.5999522704186733,-1.202200245701414,1352.44,-0.3923076923076923,0.0,0.013680242395932102,19
YGIGVSYYDI,0.9986411752114629,0.9637742389578504,0.17003408598411246,0.631578947368421,0.2631578947368421,0.0,0.2982456140350877,3.4999654844262293,-1.2063676324160546,1131.26,0.42000000000000004,0.4,-0.0963464274390139,20
