sequence,neutralization_raw,selectivity_raw,bbb_raw,neutralization_pct,selectivity_pct,bbb_pct,combined,pI,charge_pH7p4,mw,gravy,patch,bbb_raw_linear,rank,generation,rank_global
QSSQSLYNKN,0.9987153060849938,0.996840062581408,0.45996621626369955,0.9803921568627451,0.9509803921568627,0.7745098039215687,0.9019607843137254,9.004497291658307,0.7969008693834674,1150.23,-1.78,0.0,0.2598803359512693,1,1,1
QSSQSLYNKNQLS,0.9981006341321279,0.9952803407730664,0.45996621626369955,0.9607843137254902,0.9411764705882353,0.7647058823529411,0.8888888888888888,9.004497291658307,0.7969008693834674,1478.6,-1.4076923076923078,0.0,0.2598803359512693,2,1,2
QSSQSLYNKNLLS,0.9976635440282109,0.9946568867226853,0.45996621626369955,0.9411764705882353,0.9215686274509803,0.7254901960784313,0.8627450980392157,9.004497291658307,0.7969008693834674,1463.6299999999999,-0.8461538461538461,0.0,0.2598803359512693,3,1,3
QSSQSLYNKNALS,0.9976635440282109,0.9946568867226853,0.45996621626369955,0.9313725490196079,0.9117647058823529,0.7450980392156863,0.8627450980392157,9.004497291658307,0.7969008693834674,1421.55,-1.0,0.0,0.2598803359512693,4,1,4
KSSQSLYNKN,0.9920184414188941,0.988525702139044,0.5048582708384335,0.8627450980392157,0.8529411764705882,0.8529411764705882,0.8562091503267975,10.235509726834831,1.7965029206391625,1150.27,-1.8199999999999998,0.0,0.30485842373879257,5,1,5
QSSQSLYNKS,0.9949882199770307,0.9881179274608333,0.45996621626369955,0.9215686274509803,0.8333333333333334,0.7843137254901961,0.8464052287581699,9.004497291658307,0.7969008693834674,1123.2,-1.51,0.0,0.2598803359512693,6,1,6
QSSQSLYNKK,0.9905413728269189,0.9873697157359906,0.5048582708384335,0.8529411764705882,0.803921568627451,0.8627450980392157,0.8398692810457516,10.235509726834831,1.7965029206391625,1164.29,-1.8199999999999998,0.0,0.30485842373879257,7,1,7
QSSQSLYNKNWFS,0.9978504105580804,0.9881878704641935,0.45996621626369955,0.9509803921568627,0.8431372549019608,0.7058823529411764,0.8333333333333334,9.004497291658307,0.7969008693834674,1570.7,-1.2846153846153845,0.0,0.2598803359512693,8,1,8
QSSQSLYNKQ,0.9949882199770307,0.9881179274608333,0.45996621626369955,0.9117647058823529,0.8235294117647058,0.7352941176470588,0.823529411764706,9.004497291658307,0.7969008693834674,1164.25,-1.78,0.0,0.2598803359512693,9,1,9
QSSQSLYNKNWLS,0.9994357645694991,0.9732245072899818,0.45996621626369955,1.0,0.6470588235294118,0.7549019607843137,0.8006535947712418,9.004497291658307,0.7969008693834674,1536.68,-1.2076923076923078,0.0,0.2598803359512693,10,1,10
QSSQSLYNKNWLK,0.99841461555191,0.982760112574219,0.5048582708384335,0.9603960396039604,0.6633663366336634,0.7722772277227723,0.7986798679867988,10.235509726834831,1.7965029206391625,1577.77,-1.4461538461538461,0.0,0.30485842373879257,1,2,11
QSSQSLYNKNWLP,0.9987139632524055,0.979535329405814,0.45996621626369955,0.9705882352941176,0.6862745098039216,0.7156862745098039,0.7908496732026143,9.004497291658307,0.7969008693834674,1546.72,-1.2692307692307692,0.0,0.2598803359512693,11,1,12
QSSQSLYNKNQSS,0.9995315502285893,0.9987853636857501,0.45996621626369955,1.0,1.0,0.3069306930693069,0.768976897689769,9.004497291658307,0.7969008693834674,1452.52,-1.7615384615384615,0.0,0.2598803359512693,4,2,13
GRYGIGVSYYKN,0.9870367438878962,0.9858840318996122,0.5597864976007396,0.5643564356435644,0.7425742574257426,0.9900990099009901,0.7656765676567657,9.754469931865781,1.7929103478227586,1358.53,-0.7583333333333333,0.14285714285714285,0.36007390369958503,5,2,14
QSSQSLYNKNQVS,0.9981006341321279,0.9952803407730664,0.45996621626369955,0.900990099009901,0.9603960396039604,0.43564356435643564,0.7656765676567656,9.004497291658307,0.7969008693834674,1464.57,-1.376923076923077,0.0,0.2598803359512693,6,2,15
QSSQSLYNKNLNS,0.9981006341321279,0.9952803407730664,0.45996621626369955,0.9306930693069307,0.9504950495049505,0.40594059405940597,0.7623762376237623,9.004497291658307,0.7969008693834674,1464.58,-1.4076923076923078,0.0,0.2598803359512693,7,2,16
QSSQSLYNKNLLR,0.9961841512967644,0.9943981026636617,0.4683728306688122,0.7623762376237624,0.8910891089108911,0.6039603960396039,0.7524752475247526,10.444759873611691,1.7968929261642153,1532.74,-1.1307692307692307,0.0,0.268330547839822,9,2,17
GRYGIGVSYYSN,0.9923517530740046,0.9865833619235627,0.421646761007045,0.8725490196078431,0.7941176470588235,0.5784313725490196,0.7483660130718954,8.788772493769276,0.7933082965670635,1317.44,-0.5,0.14285714285714285,0.22099577053819577,12,1,18
QSSQSLYNKNMNS,0.9981006341321279,0.9952803407730664,0.45996621626369955,0.9108910891089109,0.9405940594059407,0.38613861386138615,0.7458745874587459,9.004497291658307,0.7969008693834674,1482.62,-1.5538461538461539,0.0,0.2598803359512693,10,2,19
QSSQSLYNKNTFS,0.9975858966711423,0.9945007521884761,0.45996621626369955,0.8316831683168316,0.900990099009901,0.44554455445544555,0.7260726072607261,9.004497291658307,0.7969008693834674,1485.6,-1.2692307692307692,0.0,0.2598803359512693,11,2,20
QSSQSLYNKNLLH,0.9961841512967644,0.9943981026636617,0.46602895980153636,0.7722772277227723,0.8712871287128713,0.504950495049505,0.7161716171617162,9.012496701684785,0.9087166391615842,1513.69,-1.0307692307692309,0.0,0.2659765430100103,12,2,21
QSSQSLYNKNAMS,0.9976635440282109,0.9946568867226853,0.45996621626369955,0.8514851485148515,0.9207920792079208,0.36633663366336633,0.712871287128713,9.004497291658307,0.7969008693834674,1439.59,-1.146153846153846,0.0,0.2598803359512693,13,2,22
QSSQSLYNKNTLS,0.9981006341321279,0.9952803407730664,0.45996621626369955,0.9207920792079208,0.9702970297029703,0.2376237623762376,0.7095709570957096,9.004497291658307,0.7969008693834674,1451.58,-1.1923076923076923,0.0,0.2598803359512693,14,2,23
QSSQSLYNKNWCK,0.9977536317107109,0.9905994833932028,0.5445622934765291,0.7722772277227723,0.45544554455445546,0.900990099009901,0.7095709570957096,9.28269542509939,1.7229153645215889,1567.75,-1.5461538461538462,0.0,0.3446808479631821,3,3,24
QSSQSLYNKNMFS,0.9970307053992664,0.9937749607263435,0.45996621626369955,0.8118811881188119,0.8514851485148515,0.45544554455445546,0.7062706270627063,9.004497291658307,0.7969008693834674,1515.69,-1.0692307692307692,0.0,0.2598803359512693,15,2,25
QSSQSLYNKNALH,0.9961841512967644,0.9943981026636617,0.46602895980153636,0.7524752475247525,0.8811881188118812,0.48514851485148514,0.7062706270627063,9.012496701684785,0.9087166391615842,1471.61,-1.1846153846153846,0.0,0.2659765430100103,16,2,26
QSSQSLYNKNQTS,0.9984560825922454,0.9958313528038613,0.45996621626369955,0.9405940594059407,0.9504950495049505,0.21782178217821782,0.702970297029703,9.004497291658307,0.7969008693834674,1466.55,-1.7538461538461538,0.0,0.2598803359512693,4,3,27
QRSQSLYNKN,0.9731130699008472,0.961079568423591,0.4683728306688122,0.7058823529411764,0.5882352941176471,0.803921568627451,0.699346405228758,10.444759873611691,1.7968929261642153,1219.34,-2.15,0.0,0.268330547839822,13,1,28
KSSQSLYNKNSLS,0.9898350854049003,0.9831700478662028,0.5048582708384335,0.6435643564356436,0.6930693069306931,0.7425742574257426,0.6930693069306931,10.235509726834831,1.7965029206391625,1437.59,-1.2307692307692308,0.0,0.30485842373879257,17,2,29
QSSQSLYNKNQSR,0.9974772389838271,0.9956292019318356,0.4683728306688122,0.6435643564356436,0.9306930693069307,0.504950495049505,0.6930693069306931,10.444759873611691,1.7968929261642153,1521.6299999999999,-2.0461538461538464,0.0,0.268330547839822,5,3,30
GRYGIGVSYYSI,0.9904418020115807,0.9846725256479502,0.368597912688733,0.8333333333333334,0.7450980392156863,0.49019607843137253,0.6895424836601308,8.788772493769276,0.7933082965670635,1316.49,0.16666666666666666,0.2857142857142857,0.16544087511161332,14,1,31
QSSQSLYNKNWNP,0.9981775566546993,0.9888244076594813,0.45996621626369955,0.9504950495049505,0.8316831683168316,0.27722772277227725,0.6864686468646864,9.004497291658307,0.7969008693834674,1547.67,-1.830769230769231,0.0,0.2598803359512693,18,2,32
VITKSGNTYYASWAKG,0.9989348401878064,0.0015331869469685502,0.49846744361927803,0.9473684210526315,0.10526315789473684,1.0,0.6842105263157894,9.90951555736087,1.7945116314684342,1727.95,-0.39375,0.2727272727272727,0.298467438819838,3,0,33
QSSQSLYNKNMTS,0.9981006341321279,0.9952803407730664,0.45996621626369955,0.8514851485148515,0.8910891089108911,0.3069306930693069,0.6831683168316832,9.004497291658307,0.7969008693834674,1469.62,-1.3384615384615384,0.0,0.2598803359512693,6,3,34
QSSQSLYNKNNLP,0.9974822876906669,0.9941122122435793,0.45996621626369955,0.8217821782178218,0.8613861386138614,0.3564356435643564,0.6798679867986799,9.004497291658307,0.7969008693834674,1474.62,-1.4692307692307693,0.0,0.2598803359512693,20,2,35
QSSQSLYNKSQSS,0.9994631650872889,0.9986639657195087,0.45996621626369955,0.9900990099009901,0.9900990099009901,0.04950495049504951,0.6765676567656765,9.004497291658307,0.7969008693834674,1425.49,-1.5538461538461539,0.0,0.2598803359512693,7,3,36
GRYGIGVSYYQI,0.9904418020115807,0.9846725256479502,0.368597912688733,0.8235294117647058,0.7254901960784313,0.4803921568627451,0.676470588235294,8.788772493769276,0.7933082965670635,1357.54,-0.05833333333333334,0.2857142857142857,0.16544087511161332,15,1,37
QSSQSLYNKNALN,0.9976635440282109,0.9946568867226853,0.45996621626369955,0.8613861386138614,0.9108910891089109,0.24752475247524752,0.6732673267326733,9.004497291658307,0.7969008693834674,1448.58,-1.2076923076923078,0.0,0.2598803359512693,21,2,38
QSSQSLYNKNWTK,0.9977536317107109,0.9905994833932028,0.5048582708384335,0.7821782178217822,0.44554455445544555,0.7920792079207921,0.6732673267326733,10.235509726834831,1.7965029206391625,1565.72,-1.7923076923076924,0.0,0.30485842373879257,8,3,39
GRYGIGVSYTNI,0.9806808013830014,0.9719087027495745,0.4400183020140339,0.7450980392156863,0.6274509803921569,0.6372549019607843,0.6699346405228758,8.885304528194467,0.7952995857377918,1281.45,-0.008333333333333331,0.0,0.23972805512661893,16,1,40
GRYGIGVSYQTI,0.9806808013830014,0.9719087027495745,0.4400183020140339,0.7549019607843137,0.6176470588235294,0.6274509803921569,0.6666666666666666,8.885304528194467,0.7952995857377918,1295.47,-0.008333333333333331,0.0,0.23972805512661893,17,1,41
QSSQSLYNKNTTS,0.9984560825922454,0.9958313528038613,0.45996621626369955,0.9504950495049505,0.9603960396039604,0.0891089108910891,0.6666666666666666,9.004497291658307,0.7969008693834674,1439.53,-1.5384615384615385,0.0,0.2598803359512693,10,3,42
QSSQSLGNKN,0.9294521854012298,0.9478725780275871,0.5076860534230307,0.5980392156862745,0.4803921568627451,0.9117647058823529,0.6633986928104575,9.400002955695708,0.7988921585541957,1044.1,-1.69,0.0,0.30768665891796443,18,1,43
QSSQSLQNKN,0.9518880101163422,0.8835618794954045,0.5076860534230307,0.6470588235294118,0.4019607843137255,0.9411764705882353,0.6633986928104575,9.400002955695708,0.7988921585541957,1115.18,-2.0,0.0,0.30768665891796443,19,1,44
GRYGIGVSYYVQ,0.9904418020115807,0.9846725256479502,0.3343787563069125,0.8431372549019608,0.7352941176470588,0.4019607843137255,0.6601307189542484,8.788772493769276,0.7933082965670635,1343.51,-0.08333333333333333,0.42857142857142855,0.12788838644959039,20,1,45
QSSQSLYNKNWMP,0.9977581285263631,0.987358974064294,0.45996621626369955,0.8712871287128713,0.7722772277227723,0.33663366336633666,0.6600660066006602,9.004497291658307,0.7969008693834674,1564.76,-1.4153846153846155,0.0,0.2598803359512693,24,2,46
QSSQSLYNKNQSH,0.9974772389838271,0.9956292019318356,0.46602895980153636,0.6534653465346535,0.9207920792079208,0.40594059405940597,0.6600660066006601,9.012496701684785,0.9087166391615842,1502.58,-1.9461538461538461,0.0,0.2659765430100103,12,3,47
QSSQSLYNKNSLN,0.9981006341321279,0.9952803407730664,0.45996621626369955,0.8811881188118812,0.9108910891089109,0.1782178217821782,0.6567656765676567,9.004497291658307,0.7969008693834674,1464.58,-1.4076923076923078,0.0,0.2598803359512693,13,3,48
QSSQSLYNKNQHS,0.9974772389838271,0.9956292019318356,0.46602895980153636,0.6336633663366337,0.9405940594059407,0.39603960396039606,0.6567656765676567,9.012496701684785,0.9087166391615842,1502.58,-1.9461538461538461,0.0,0.2659765430100103,14,3,49
QSSQSLYNKNWVP,0.9977581285263631,0.987358974064294,0.45996621626369955,0.8811881188118812,0.7821782178217822,0.297029702970297,0.6534653465346535,9.004497291658307,0.7969008693834674,1532.69,-1.2384615384615385,0.0,0.2598803359512693,25,2,50
QSSQSLYNKNASS,0.9981006341321279,0.9952803407730664,0.45996621626369955,0.900990099009901,0.8514851485148515,0.2079207920792079,0.6534653465346535,9.004497291658307,0.7969008693834674,1395.47,-1.353846153846154,0.0,0.2598803359512693,15,3,51
QSSQSLNNKN,0.9518880101163422,0.8835618794954045,0.5076860534230307,0.6274509803921569,0.39215686274509803,0.9313725490196079,0.6503267973856209,9.400002955695708,0.7988921585541957,1101.1599999999999,-2.0,0.0,0.30768665891796443,21,1,52
QSSQSLYNKNKLH,0.9949349350570392,0.9948118359278938,0.5117569535328389,0.37623762376237624,0.7326732673267327,0.8415841584158416,0.6501650165016502,10.235645824062818,1.9083186904172793,1528.7,-1.623076923076923,0.0,0.31175912107347736,16,3,53
GRYGIGVSYYDN,0.994964579822475,0.9880425705514645,0.25346345753867106,0.9019607843137255,0.8137254901960784,0.21568627450980393,0.6437908496732027,5.977227345217663,-0.2063755756353065,1345.45,-0.725,0.14285714285714285,0.029943773353716514,22,1,54
QSSQSLYNKNLKT,0.9968971365313863,0.9950516023631607,0.5048582708384335,0.5445544554455446,0.7425742574257426,0.6435643564356436,0.6435643564356436,10.235509726834831,1.7965029206391625,1492.67,-1.4307692307692308,0.0,0.30485842373879257,17,3,55
QSSQSLYNKNWLG,0.9987139632524055,0.979535329405814,0.45996621626369955,0.9702970297029703,0.6138613861386139,0.32673267326732675,0.636963696369637,9.004497291658307,0.7969008693834674,1506.65,-1.176923076923077,0.0,0.2598803359512693,26,2,56
QSSQSLYNKNWFW,0.9966400032890829,0.984455611218874,0.45996621626369955,0.7821782178217822,0.7326732673267327,0.39603960396039606,0.6369636963696369,9.004497291658307,0.7969008693834674,1669.83,-1.2923076923076924,0.0,0.2598803359512693,27,2,57
QSSQSLSNKN,0.9518880101163422,0.8835618794954045,0.5076860534230307,0.6372549019607843,0.38235294117647056,0.8823529411764706,0.6339869281045751,9.400002955695708,0.7988921585541957,1074.1299999999999,-1.73,0.0,0.30768665891796443,23,1,58
QSSQSLYNKNMMG,0.996903342571352,0.9933354848706621,0.45996621626369955,0.7920792079207921,0.8415841584158416,0.26732673267326734,0.6336633663366337,9.004497291658307,0.7969008693834674,1469.6799999999998,-1.1076923076923078,0.0,0.2598803359512693,28,2,59
GRYGIGVSYYYI,0.9876344861597753,0.9819465313592763,0.3234166796041568,0.8137254901960784,0.7058823529411764,0.37254901960784315,0.630718954248366,8.719715313292799,0.7913170073963351,1392.59,0.125,0.42857142857142855,0.11547147940770099,24,1,60
QSSQSLYNKNMRS,0.9968971365313863,0.9950516023631607,0.4683728306688122,0.5841584158415841,0.8217821782178218,0.48514851485148514,0.6303630363036303,10.444759873611691,1.7968929261642153,1524.7,-1.6307692307692307,0.0,0.268330547839822,19,3,61
GRYGIGVSYYRI,0.9838211467614512,0.9838752229038848,0.5013679585487556,0.5148514851485149,0.7128712871287128,0.6534653465346535,0.627062706270627,9.806335609401078,1.7933003533478113,1385.6,-0.1416666666666667,0.2857142857142857,0.301367961961938,29,2,62
QSSQSSQNKN,0.987314091390588,0.9673436997288836,0.5076860534230307,0.5742574257425742,0.43564356435643564,0.8712871287128713,0.627062706270627,9.400002955695708,0.7988921585541957,1089.1,-2.46,0.0,0.30768665891796443,30,2,63
QSSQSLYNKNTVR,0.9968971365313863,0.9950516023631607,0.4683728306688122,0.5544554455445545,0.801980198019802,0.5148514851485149,0.6237623762376238,10.444759873611691,1.7968929261642153,1506.6599999999999,-1.4461538461538461,0.0,0.268330547839822,20,3,64
QSSQSLYNKNYLK,0.9960575336181304,0.9942344498686124,0.549624725441614,0.4158415841584158,0.5346534653465347,0.9207920792079208,0.6237623762376238,9.90951555736087,1.7945116314684342,1554.74,-1.4769230769230768,0.0,0.3497886373183476,21,3,65
RSSQSLYNKNALS,0.987519676317586,0.9809774327100277,0.4683728306688122,0.6039603960396039,0.6336633663366337,0.6336633663366337,0.6237623762376238,10.444759873611691,1.7968929261642153,1449.61,-1.0769230769230769,0.0,0.268330547839822,31,2,66
GRYGIGVSYYDG,0.9931743748875397,0.9848356633292119,0.25346345753867106,0.8823529411764706,0.7549019607843137,0.22549019607843138,0.6209150326797386,5.977227345217663,-0.2063755756353065,1288.39,-0.4666666666666666,0.14285714285714285,0.029943773353716514,25,1,67
QITKSGNTYYASSAKG,0.9867049376583178,0.0020906570541260024,0.549624725441614,0.803921568627451,0.058823529411764705,1.0,0.6209150326797386,9.90951555736087,1.7945116314684342,1657.82,-0.86875,0.09090909090909091,0.3497886373183476,26,1,68
HSSQSLYNKNQLS,0.9898350854049003,0.9831700478662028,0.46602895980153636,0.6534653465346535,0.7029702970297029,0.49504950495049505,0.6171617161716171,9.012496701684785,0.9087166391615842,1487.61,-1.3846153846153846,0.0,0.2659765430100103,33,2,69
GRYGIGVSYYWI,0.9845648431657451,0.9793891006549589,0.3343787563069125,0.7745098039215687,0.6764705882352942,0.39215686274509803,0.6143790849673203,8.788772493769276,0.7933082965670635,1415.62,0.15833333333333333,0.42857142857142855,0.12788838644959039,27,1,70
QSSQSLYNKRQLS,0.9879588689672871,0.9814846083270298,0.4683728306688122,0.6138613861386139,0.6534653465346535,0.5742574257425742,0.6138613861386139,10.444759873611691,1.7968929261642153,1520.68,-1.4846153846153847,0.0,0.268330547839822,35,2,71
RSSQSLYNKNLLS,0.987519676317586,0.9809774327100277,0.4683728306688122,0.594059405940594,0.6237623762376238,0.6237623762376238,0.6138613861386139,10.444759873611691,1.7968929261642153,1491.69,-0.9230769230769231,0.0,0.268330547839822,34,2,72
QSSQSLYNKNLYR,0.9960575336181304,0.9942344498686124,0.5408454008824555,0.39603960396039606,0.5445544554455446,0.8910891089108911,0.6105610561056106,9.989236285902532,1.794901636993487,1582.76,-1.5230769230769232,0.0,0.34093662548525955,22,3,73
QSSQSLYNKNGNS,0.9979532165724042,0.9947988885791871,0.45996621626369955,0.7920792079207921,0.7029702970297029,0.32673267326732675,0.6072607260726073,9.004497291658307,0.7969008693834674,1408.47,-1.7307692307692308,0.0,0.2598803359512693,23,3,74
QSSQSLYNKP,0.9927807182433418,0.9841990449896768,0.45996621626369955,0.7227722772277227,0.7227722772277227,0.37623762376237624,0.6072607260726072,9.004497291658307,0.7969008693834674,1133.24,-1.59,0.0,0.2598803359512693,36,2,75
QSSQSLYNKNSLT,0.9980637817356269,0.9978058702644981,0.45996621626369955,0.8316831683168316,0.9801980198019802,0.009900990099009901,0.6072607260726072,9.004497291658307,0.7969008693834674,1451.58,-1.1923076923076923,0.0,0.2598803359512693,25,3,76
VITKSGNTYYASWTKG,0.9848504473818831,0.0020650546160526782,0.5385860644796976,0.7843137254901961,0.049019607843137254,0.9803921568627451,0.6045751633986928,9.90951555736087,1.7945116314684342,1757.98,-0.5499999999999999,0.18181818181818182,0.3386629396180756,29,1,77
QSSQSLYNKNALK,0.9961841512967644,0.9943981026636617,0.5048582708384335,0.4752475247524752,0.6039603960396039,0.7326732673267327,0.6039603960396039,10.235509726834831,1.7965029206391625,1462.6399999999999,-1.2384615384615385,0.0,0.30485842373879257,26,3,78
ISSQSLYNKNRLS,0.987519676317586,0.9809774327100277,0.4683728306688122,0.5841584158415841,0.6435643564356436,0.5841584158415841,0.6039603960396039,10.444759873611691,1.7968929261642153,1491.69,-0.8692307692307693,0.0,0.268330547839822,37,2,79
VITKSGNTYYASWNKG,0.9848504473818831,0.0020650546160526782,0.5385860644796976,0.7941176470588235,0.0392156862745098,0.9705882352941176,0.6013071895424836,9.90951555736087,1.7945116314684342,1770.98,-0.725,0.18181818181818182,0.3386629396180756,30,1,80
QSSQSLYNKNTVS,0.9980248318860381,0.9951675980035121,0.45996621626369955,0.8217821782178218,0.8415841584158416,0.13861386138613863,0.6006600660066007,9.004497291658307,0.7969008693834674,1437.55,-1.1615384615384614,0.0,0.2598803359512693,27,3,81
RYHAVFAFASPGG,0.0009205493329443421,0.998880931643596,0.37527585818614123,0.21052631578947367,0.8421052631578947,0.7368421052631579,0.5964912280701754,9.056955182131212,0.9091066446866369,1361.54,0.23076923076923073,0.75,0.17258779953955045,5,0,82
ARHAFASPG,0.0014976191251115146,0.9977919857114689,0.41483667993651385,0.3684210526315789,0.631578947368421,0.7894736842105263,0.5964912280701754,10.25683703134732,0.9110979338573653,895.0,-0.2555555555555556,0.25,0.2139984781466887,6,0,83
VITKSGNTYYASCQKV,0.9733923789660532,0.002900342942646137,0.5290847485862087,0.7156862745098039,0.10784313725490197,0.9607843137254902,0.5947712418300654,9.15346643034129,1.7209240753508606,1744.01,-0.22499999999999998,0.0,0.32911761994282873,32,1,84
VITKSGNTYYASNAKG,0.9836858839200197,0.0020177160771892347,0.549624725441614,0.7647058823529411,0.029411764705882353,0.9901960784313726,0.5947712418300654,9.90951555736087,1.7945116314684342,1655.85,-0.55625,0.09090909090909091,0.3497886373183476,31,1,85
QSSQSLYNKNQPS,0.9979532165724042,0.9947988885791871,0.45996621626369955,0.8118811881188119,0.7227722772277227,0.24752475247524752,0.594059405940594,9.004497291658307,0.7969008693834674,1462.56,-1.823076923076923,0.0,0.2598803359512693,29,3,86
QSSQSLYNKNANS,0.9981006341321279,0.9952803407730664,0.45996621626369955,0.8910891089108911,0.8613861386138614,0.0297029702970297,0.594059405940594,9.004497291658307,0.7969008693834674,1422.5,-1.5615384615384615,0.0,0.2598803359512693,28,3,87
QSSQSLYNKNTLH,0.9968971365313863,0.9950516023631607,0.46602895980153636,0.5247524752475248,0.8316831683168316,0.4158415841584158,0.5907590759075907,9.012496701684785,0.9087166391615842,1501.6399999999999,-1.3769230769230771,0.0,0.2659765430100103,30,3,88
QSSQSLYNKNMNH,0.9968971365313863,0.9950516023631607,0.46602895980153636,0.5643564356435644,0.8118811881188119,0.37623762376237624,0.5841584158415842,9.012496701684785,0.9087166391615842,1532.6799999999998,-1.7384615384615385,0.0,0.2659765430100103,31,3,89
QSSQSLYNKNWQK,0.9977536317107109,0.9905994833932028,0.5048582708384335,0.7623762376237624,0.43564356435643564,0.5544554455445545,0.5841584158415841,10.235509726834831,1.7965029206391625,1592.74,-2.0076923076923077,0.0,0.30485842373879257,32,3,90
QSSQSLYNKNLVK,0.9961841512967644,0.9943981026636617,0.5048582708384335,0.42574257425742573,0.6237623762376238,0.6930693069306931,0.5808580858085809,10.235509726834831,1.7965029206391625,1490.69,-1.0538461538461539,0.0,0.30485842373879257,33,3,91
NSSQSLYNKNWVK,0.9909411456367696,0.96431674551555,0.5048582708384335,0.6831683168316832,0.38613861386138615,0.6732673267326733,0.5808580858085809,10.235509726834831,1.7965029206391625,1549.72,-1.4153846153846152,0.0,0.30485842373879257,39,2,92
QSSQSLYNKNQVH,0.9968971365313863,0.9950516023631607,0.46602895980153636,0.6039603960396039,0.7722772277227723,0.36633663366336633,0.5808580858085808,9.012496701684785,0.9087166391615842,1514.6299999999999,-1.5615384615384615,0.0,0.2659765430100103,34,3,93
QSSQSLYNKNQLH,0.9968971365313863,0.9950516023631607,0.46602895980153636,0.5148514851485149,0.7920792079207921,0.42574257425742573,0.5775577557755776,9.012496701684785,0.9087166391615842,1528.6599999999999,-1.5923076923076922,0.0,0.2659765430100103,35,3,94
QSSQSLYNKNLNH,0.9968971365313863,0.9950516023631607,0.46602895980153636,0.5742574257425742,0.7821782178217822,0.3564356435643564,0.5709570957095709,9.012496701684785,0.9087166391615842,1514.6399999999999,-1.5923076923076922,0.0,0.2659765430100103,36,3,95
KASQLIS,0.14695758547659019,0.03563562940368111,0.5076860534230307,0.5490196078431373,0.23529411764705882,0.9215686274509803,0.5686274509803922,9.400002955695708,0.7988921585541957,727.86,0.1571428571428571,0.0,0.30768665891796443,33,1,96
QSSQSLYNKQWLR,0.9812831306681111,0.975686442436967,0.4683728306688122,0.504950495049505,0.6039603960396039,0.594059405940594,0.5676567656765678,10.444759873611691,1.7968929261642153,1619.81,-1.4923076923076926,0.0,0.268330547839822,40,2,97
KSSQSLYNKNWLS,0.9969626771322864,0.9096576401053358,0.5048582708384335,0.801980198019802,0.21782178217821782,0.6831683168316832,0.5676567656765678,10.235509726834831,1.7965029206391625,1536.72,-1.2384615384615385,0.0,0.30485842373879257,41,2,98
QSSQSLYNKNAMK,0.9961841512967644,0.9943981026636617,0.5048582708384335,0.43564356435643564,0.594059405940594,0.6633663366336634,0.5643564356435644,10.235509726834831,1.7965029206391625,1480.6799999999998,-1.3846153846153846,0.0,0.30485842373879257,37,3,99
KASTMQS,0.6110900312014298,0.012357575139713344,0.5076860534230307,0.5588235294117647,0.1764705882352941,0.9509803921568627,0.5620915032679739,9.400002955695708,0.7988921585541957,733.8499999999999,-0.8571428571428571,0.0,0.30768665891796443,34,1,100
QSSQSLYNKNHLN,0.9968971365313863,0.9950516023631607,0.46602895980153636,0.594059405940594,0.7524752475247525,0.33663366336633666,0.5610561056105611,9.012496701684785,0.9087166391615842,1514.6399999999999,-1.5923076923076922,0.0,0.2659765430100103,38,3,101
QSSQSLYNKNMHS,0.9968971365313863,0.9950516023631607,0.46602895980153636,0.5346534653465347,0.7623762376237624,0.38613861386138615,0.5610561056105611,9.012496701684785,0.9087166391615842,1505.6499999999999,-1.5307692307692309,0.0,0.2659765430100103,39,3,102
QSSQSLYNKNLLK,0.9961841512967644,0.9943981026636617,0.5048582708384335,0.46534653465346537,0.5841584158415841,0.6138613861386139,0.5544554455445545,10.235509726834831,1.7965029206391625,1504.72,-1.0846153846153848,0.0,0.30485842373879257,40,3,103
QSSQSLYNKNQVM,0.9976635440282109,0.9946568867226853,0.45996621626369955,0.7326732673267327,0.6831683168316832,0.2376237623762376,0.5511551155115512,9.004497291658307,0.7969008693834674,1508.69,-1.169230769230769,0.0,0.2598803359512693,41,3,104
KASTLSS,0.9174151698310886,0.011923117854471548,0.5076860534230307,0.5784313725490196,0.1568627450980392,0.892156862745098,0.5424836601307189,9.400002955695708,0.7988921585541957,674.76,-0.2,0.0,0.30768665891796443,35,1,105
ARHAFASTS,0.02328816806853351,0.9593922623785346,0.41483667993651385,0.49019607843137253,0.5686274509803921,0.5686274509803921,0.5424836601307189,10.25683703134732,0.9110979338573653,929.02,-0.20000000000000004,0.25,0.2139984781466887,36,1,106
KASTLST,0.9174151698310886,0.011923117854471548,0.5076860534230307,0.5686274509803921,0.14705882352941177,0.9019607843137255,0.5392156862745098,9.400002955695708,0.7988921585541957,688.79,-0.18571428571428572,0.0,0.30768665891796443,37,1,107
QSSQSLYNKNWNT,0.9986253813790895,0.991032165118112,0.45996621626369955,0.9603960396039604,0.46534653465346537,0.18811881188118812,0.5379537953795379,9.004497291658307,0.7969008693834674,1551.66,-1.7615384615384615,0.0,0.2598803359512693,43,3,108
QSSQSLYNKNAMT,0.9976635440282109,0.9946568867226853,0.45996621626369955,0.7425742574257426,0.6930693069306931,0.15841584158415842,0.5313531353135313,9.004497291658307,0.7969008693834674,1453.62,-1.1384615384615384,0.0,0.2598803359512693,44,3,109
SRHAFASQG,0.004288907678574513,0.9608120399137142,0.4547657803539421,0.3137254901960784,0.5784313725490196,0.6862745098039216,0.5261437908496732,10.25683703134732,0.9110979338573653,942.01,-0.7555555555555556,0.0,0.25464176369958536,38,1,110
GRYGIGVSYYKQ,0.9870367438878962,0.9858840318996122,0.5597864976007396,0.2376237623762376,0.37623762376237624,0.9603960396039604,0.5247524752475248,9.754469931865781,1.7929103478227586,1372.55,-0.7583333333333333,0.14285714285714285,0.36007390369958503,45,3,111
QSSQSLYNKNSQP,0.9979532165724042,0.9947988885791871,0.45996621626369955,0.801980198019802,0.7128712871287128,0.039603960396039604,0.5181518151815182,9.004497291658307,0.7969008693834674,1462.56,-1.823076923076923,0.0,0.2598803359512693,46,3,112
KASQDFGSTGWNDRR,0.008455828475245893,0.6434398175048957,0.5070822565265748,0.4019607843137255,0.27450980392156865,0.8725490196078431,0.5163398692810458,9.390874577929296,0.7995085277109513,1706.81,-1.7533333333333334,0.0,0.30708273022940685,40,1,113
QSSQSLYNKNWVS,0.9983088437225659,0.9898532597768727,0.45996621626369955,0.9207920792079208,0.42574257425742573,0.19801980198019803,0.5148514851485149,9.004497291658307,0.7969008693834674,1522.65,-1.176923076923077,0.0,0.2598803359512693,47,3,114
QSSQSLYNKNLNA,0.9976635440282109,0.9946568867226853,0.45996621626369955,0.7524752475247525,0.6435643564356436,0.1485148514851485,0.5148514851485148,9.004497291658307,0.7969008693834674,1448.58,-1.2076923076923078,0.0,0.2598803359512693,48,3,115
GRYGIGVSYYDI,0.9988771202367329,0.996543198913784,0.2137539010406567,0.894736842105263,0.3684210526315789,0.2631578947368421,0.5087719298245613,5.977227345217663,-0.2063755756353065,1344.5,-0.05833333333333334,0.2857142857142857,-0.02561112207286595,7,0,116
QSSQSLYNKNALR,0.9961841512967644,0.9943981026636617,0.4683728306688122,0.45544554455445546,0.5742574257425742,0.49504950495049505,0.5082508250825083,10.444759873611691,1.7968929261642153,1490.6599999999999,-1.2846153846153845,0.0,0.268330547839822,49,3,117
QSSQSLYNKNWWK,0.9964889212162293,0.9876196710465057,0.5048582708384335,0.49504950495049505,0.39603960396039606,0.6237623762376238,0.504950495049505,10.235509726834831,1.7965029206391625,1650.82,-1.8076923076923077,0.0,0.30485842373879257,50,3,118
RYHAVSAFASPGG,0.0013536554781544876,0.9913204349962503,0.3767337560063307,0.09803921568627451,0.8823529411764706,0.5294117647058824,0.5032679738562091,9.056955182131212,0.9091066446866369,1301.44,-0.04615384615384618,0.5,0.174141233759452,41,1,119
QSSQSLYNKNNMP,0.9974822876906669,0.9941122122435793,0.45996621626369955,0.6831683168316832,0.5247524752475248,0.297029702970297,0.5016501650165017,9.004497291658307,0.7969008693834674,1492.6599999999999,-1.6153846153846154,0.0,0.2598803359512693,51,3,120
KSSQSLYNKNSYS,0.9895000132689422,0.9826840926131185,0.549624725441614,0.2871287128712871,0.27722772277227725,0.9405940594059407,0.5016501650165016,9.90951555736087,1.7945116314684342,1487.61,-1.623076923076923,0.0,0.3497886373183476,52,3,121
ARHAFASTG,0.015608162379253951,0.9448628080138757,0.41483667993651385,0.4803921568627451,0.46078431372549017,0.5588235294117647,0.5,10.25683703134732,0.9110979338573653,898.99,-0.15555555555555559,0.25,0.2139984781466887,42,1,122
KASQDFGSSGWRDRR,0.001783496996793352,0.994769500540766,0.3470306931107583,0.14705882352941177,0.9313725490196079,0.4215686274509804,0.5,11.376566071038198,1.7995005844916991,1734.86,-1.8266666666666667,0.0,0.14197077596613916,43,1,123
LNNQAASRT,0.014247612232832305,0.8077878988176508,0.45113810966484313,0.47058823529411764,0.3627450980392157,0.6666666666666666,0.5,10.250002764536148,0.7992821640792485,956.05,-1.011111111111111,0.0,0.25098166962297924,44,1,124
QSSQSLYNKNGLS,0.9974822876906669,0.9941122122435793,0.45996621626369955,0.6633663366336634,0.5148514851485149,0.31683168316831684,0.49834983498349844,9.004497291658307,0.7969008693834674,1407.52,-1.1692307692307693,0.0,0.2598803359512693,53,3,125
GRYGIGVSYYQT,0.9923517530740046,0.9865833619235627,0.421646761007045,0.7029702970297029,0.7524752475247525,0.039603960396039604,0.49834983498349833,8.788772493769276,0.7933082965670635,1345.49,-0.4916666666666667,0.14285714285714285,0.22099577053819577,42,2,126
KYSQSLYNKN,0.9636116318806563,0.9528795783930655,0.549624725441614,0.25742574257425743,0.25742574257425743,0.9801980198019802,0.49834983498349833,9.90951555736087,1.7945116314684342,1226.37,-1.8699999999999999,0.0,0.3497886373183476,43,2,127
LNQQAASRT,0.014247612232832305,0.8077878988176508,0.45113810966484313,0.46078431372549017,0.3529411764705882,0.6764705882352942,0.49673202614379086,10.250002764536148,0.7992821640792485,970.0699999999999,-1.011111111111111,0.0,0.25098166962297924,45,1,128
LTAQAASRT,0.010506898164182285,0.9559169178813083,0.41128725834985436,0.4117647058823529,0.5294117647058824,0.5490196078431373,0.49673202614379086,10.250002764536148,0.7992821640792485,900.02,-0.1111111111111111,0.25,0.2103383840700826,46,1,129
GRYGIGVSYYTT,0.9923517530740046,0.9865833619235627,0.421646761007045,0.7128712871287128,0.7623762376237624,0.009900990099009901,0.49504950495049505,8.788772493769276,0.7933082965670635,1318.47,-0.25833333333333336,0.14285714285714285,0.22099577053819577,44,2,130
ARHDGYPFAY,0.0006032595029275185,0.9987907215986794,0.2473528309857926,0.15789473684210525,0.7894736842105263,0.5263157894736842,0.4912280701754386,7.246137938059293,-0.0925685166864616,1178.29,-0.9400000000000001,0.2,0.021804807982333276,8,0,131
LRSLTSEDLHDGYPFAY,0.00039239348623432727,0.9996986265085932,0.23566076444032952,0.05263157894736842,1.0,0.42105263157894735,0.49122807017543857,4.305689457794617,-2.0917514527180177,1966.17,-0.5352941176470589,0.08333333333333333,0.005845403972298691,10,0,132
GRYGIGVSSQTI,0.9761929729772112,0.9729778125755788,0.4669903734968082,0.37623762376237624,0.5445544554455446,0.5445544554455446,0.4884488448844884,9.048980578024892,0.7972908749085201,1219.37,0.03333333333333333,0.0,0.26694228974372314,45,2,133
KHSQSLYNKN,0.9502277746431105,0.9586999197361922,0.5117569535328389,0.21782178217821782,0.32673267326732675,0.9108910891089109,0.48514851485148514,10.235645824062818,1.9083186904172793,1200.33,-2.06,0.0,0.31175912107347736,46,2,134
QSSQSLYNKNMNL,0.9976635440282109,0.9946568867226853,0.45996621626369955,0.7227722772277227,0.6336633663366337,0.09900990099009901,0.48514851485148514,9.004497291658307,0.7969008693834674,1508.7,-1.2000000000000002,0.0,0.2598803359512693,54,3,135
QSSQSLYNKNMIS,0.9976635440282109,0.9946568867226853,0.45996621626369955,0.7029702970297029,0.6732673267326733,0.07920792079207921,0.48514851485148514,9.004497291658307,0.7969008693834674,1481.67,-0.9384615384615386,0.0,0.2598803359512693,55,3,136
ATKAFASPS,0.006125127093572025,0.6720592860384699,0.4670910178828897,0.3431372549019608,0.3137254901960784,0.7941176470588235,0.48366013071895425,9.400002955695708,0.7988921585541957,860.98,0.04444444444444443,0.25,0.2670433733650678,47,1,137
GRYGIGVSYYKK,0.9781096430518517,0.9851487986529763,0.5810776876683875,0.0891089108910891,0.3564356435643564,1.0,0.48184818481848185,10.170663364972832,2.7925123990784537,1372.59,-0.7916666666666666,0.14285714285714285,0.3817997427482956,56,3,138
QSSQSLYNKNTFR,0.9960575336181304,0.9942344498686124,0.4683728306688122,0.40594059405940597,0.5643564356435644,0.4752475247524752,0.48184818481848185,10.444759873611691,1.7968929261642153,1554.71,-1.5538461538461539,0.0,0.268330547839822,57,3,139
RYHAVFAFASTGN,0.01190004988525413,0.9538386314502395,0.3756453759159956,0.43137254901960786,0.5,0.5098039215686274,0.4803921568627451,9.056955182131212,0.9091066446866369,1422.59,0.061538461538461514,0.75,0.17298175860366677,48,1,140
ARHQGYPFAYASC,0.004265412382146474,0.985652718068709,0.25845481305217366,0.30392156862745096,0.7843137254901961,0.3529411764705882,0.480392156862745,8.241032783993347,0.833527799398335,1452.63,-0.4538461538461539,0.5,0.03649619364767398,49,1,141
KASQSLYNKN,0.99638476206227,0.985876801250702,0.5048582708384335,0.48514851485148514,0.36633663366336633,0.5841584158415841,0.4785478547854785,10.235509726834831,1.7965029206391625,1134.27,-1.56,0.0,0.30485842373879257,58,3,142
RASQDFCSSGWRDRR,0.0004748428388322478,0.9683321260676828,0.49706046308905666,0.0,0.5980392156862745,0.8333333333333334,0.477124183006536,10.256732351757655,1.7263030338991783,1808.97,-1.6733333333333333,0.0,0.2970604292214508,50,1,143
ARHQGYPFAYASG,0.0026175924603404344,0.9849653791385464,0.3517244948790804,0.19607843137254902,0.7647058823529411,0.46078431372549017,0.4738562091503267,8.893597311441816,0.9071153555159086,1406.54,-0.676923076923077,0.5,0.14713310397939833,51,1,144
RASQDFGSSGWRDRR,0.0001654412680234482,0.9981199799116152,0.2956120586990245,0.0,0.7368421052631579,0.6842105263157894,0.47368421052631576,12.022933675193133,1.799890590016752,1762.88,-1.8666666666666667,0.0,0.08292968121215075,12,0,145
KASTLES,0.9976085638364541,0.004327023654490493,0.25479569882209835,0.5789473684210527,0.21052631578947367,0.631578947368421,0.47368421052631576,6.070768699931639,-0.2006069052749906,716.8,-0.5857142857142856,0.0,0.03170090809926871,11,0,146
QSSQSLYNKNILT,0.9976635440282109,0.9946568867226853,0.45996621626369955,0.6930693069306931,0.6633663366336634,0.0594059405940594,0.471947194719472,9.004497291658307,0.7969008693834674,1477.6599999999999,-0.7846153846153847,0.0,0.2598803359512693,59,3,147
KSSQSLYNKNSMS,0.9898350854049003,0.9831700478662028,0.5048582708384335,0.32673267326732675,0.3069306930693069,0.7722772277227723,0.4686468646864686,10.235509726834831,1.7965029206391625,1455.6299999999999,-1.376923076923077,0.0,0.30485842373879257,61,3,148
RYKAVFAYASPGG,0.002951320973417846,0.9542027450216108,0.441210294654303,0.23529411764705882,0.5196078431372549,0.6470588235294118,0.46732026143790845,9.989236285902532,1.794901636993487,1368.57,-0.13846153846153847,0.75,0.24093710399699875,52,1,149
KYKAVFAYASPGG,0.002951320973417846,0.9542027450216108,0.4499572221684635,0.22549019607843138,0.5098039215686274,0.6568627450980392,0.4640522875816993,9.90951555736087,1.7945116314684342,1340.55,-0.0923076923076923,0.75,0.24978911583008678,54,1,150
RASQDFGSSVWRDRQ,0.0005730847629651297,0.9589466021388606,0.48702696775341997,0.00980392156862745,0.5588235294117647,0.8235294117647058,0.4640522875816993,10.010067195819921,0.799898533236004,1776.9,-1.4933333333333332,0.0,0.2870240554360658,53,1,151
QSSQSLYNKNRFS,0.9960575336181304,0.9942344498686124,0.4683728306688122,0.38613861386138615,0.5544554455445545,0.44554455445544555,0.4620462046204621,10.444759873611691,1.7968929261642153,1540.68,-1.5615384615384615,0.0,0.268330547839822,62,3,152
KTSQSLYNKN,0.9731130699008472,0.961079568423591,0.5048582708384335,0.297029702970297,0.36633663366336633,0.7227722772277227,0.46204620462046203,10.235509726834831,1.7965029206391625,1164.3,-1.81,0.0,0.30485842373879257,48,2,153
NSSQSLYNKNTLK,0.9898350854049003,0.9831700478662028,0.5048582708384335,0.3069306930693069,0.32673267326732675,0.7524752475247525,0.46204620462046203,10.235509726834831,1.7965029206391625,1478.6499999999999,-1.4307692307692308,0.0,0.30485842373879257,63,3,154
QKSQSLYNKN,0.9731130699008472,0.961079568423591,0.5048582708384335,0.31683168316831684,0.33663366336633666,0.7326732673267327,0.46204620462046203,10.235509726834831,1.7965029206391625,1191.32,-2.09,0.0,0.30485842373879257,47,2,155
SKSQSLYNKN,0.9731130699008472,0.961079568423591,0.5048582708384335,0.3069306930693069,0.3564356435643564,0.7128712871287128,0.4587458745874587,10.235509726834831,1.7965029206391625,1150.27,-1.8199999999999998,0.0,0.30485842373879257,49,2,156
LEAQAASRT,0.0041209612613566215,0.99746193962226,0.225179953003661,0.47368421052631576,0.5789473684210527,0.3157894736842105,0.4561403508771929,6.071113350953693,-0.20021689974993784,928.03,-0.4222222222222222,0.25,-0.008932732824490829,13,0,157
ARHSGYPFAY,0.0013965190645180941,0.9722329589822887,0.4285412076995427,0.10784313725490197,0.6372549019607843,0.6176470588235294,0.4542483660130719,8.893597311441816,0.9071153555159086,1150.28,-0.67,0.2,0.22804863114170068,56,1,158
ARHQGYPFAYASF,0.0027297309694630898,0.9811347231165618,0.3517244948790804,0.21568627450980393,0.696078431372549,0.45098039215686275,0.4542483660130719,8.893597311441816,0.9071153555159086,1496.67,-0.4307692307692308,0.5,0.14713310397939833,55,1,159
KSSQSLYNKH,0.9436398966849127,0.9552556608111005,0.5117569535328389,0.18811881188118812,0.26732673267326734,0.900990099009901,0.4521452145214522,10.235645824062818,1.9083186904172793,1173.3,-1.7899999999999998,0.0,0.31175912107347736,50,2,160
KSSQSLYNKNSVS,0.9898350854049003,0.9831700478662028,0.5048582708384335,0.297029702970297,0.33663366336633666,0.7227722772277227,0.4521452145214521,10.235509726834831,1.7965029206391625,1423.56,-1.2,0.0,0.30485842373879257,64,3,161
QSSQSLYNKNWSP,0.9981775566546993,0.9888244076594813,0.45996621626369955,0.9108910891089109,0.4158415841584158,0.019801980198019802,0.4488448844884489,9.004497291658307,0.7969008693834674,1520.6399999999999,-1.623076923076923,0.0,0.2598803359512693,66,3,162
QSSQSLYNKNMFQ,0.9970307053992664,0.9937749607263435,0.45996621626369955,0.6237623762376238,0.49504950495049505,0.22772277227722773,0.4488448844884489,9.004497291658307,0.7969008693834674,1556.74,-1.276923076923077,0.0,0.2598803359512693,65,3,163
YGIGVSYYDC,0.9941776976485466,0.886806564429037,0.22769681798979854,0.892156862745098,0.4117647058823529,0.0392156862745098,0.44771241830065356,3.499954824573331,-1.2799551885336282,1121.24,0.22000000000000003,0.2,-0.005340549335284932,57,1,164
ARSLTSEDSTLGYPFAY,0.004080345461733052,0.9976936732850801,0.23660845715394518,0.29411764705882354,0.9607843137254902,0.0784313725490196,0.4444444444444444,4.083035031316335,-1.203883350293765,1860.05,-0.3470588235294118,0.16666666666666666,0.007158908362827932,58,1,165
GRYGIGVSYYQP,0.9896422997168722,0.98299184084952,0.421646761007045,0.6336633663366337,0.6732673267326733,0.019801980198019802,0.44224422442244227,8.788772493769276,0.7933082965670635,1341.5,-0.5666666666666667,0.14285714285714285,0.22099577053819577,51,2,166
QSSQSLYNKTLYK,0.9847376912257358,0.9784755362664509,0.549624725441614,0.19801980198019803,0.1782178217821782,0.9504950495049505,0.4422442244224422,9.90951555736087,1.7945116314684342,1541.74,-1.2615384615384615,0.0,0.3497886373183476,67,3,167
ARHDGYPFAYASG,0.0013492965130563553,0.9994502227418881,0.19209679394722434,0.2631578947368421,0.9473684210526315,0.10526315789473684,0.4385964912280702,7.246137938059293,-0.0925685166864616,1393.5,-0.676923076923077,0.5,-0.05911071917996908,14,0,168
GRYGIGVSYYSP,0.9896422997168722,0.98299184084952,0.421646761007045,0.6237623762376238,0.6831683168316832,0.0,0.43564356435643564,8.788772493769276,0.7933082965670635,1300.45,-0.34166666666666673,0.14285714285714285,0.22099577053819577,53,2,169
LQLQAASRT,0.01059611811971081,0.7782642926814898,0.41128725834985436,0.4215686274509804,0.3431372549019608,0.5392156862745098,0.43464052287581695,10.250002764536148,0.7992821640792485,969.12,-0.20000000000000004,0.25,0.2103383840700826,59,1,170
QSSQSLYNKSTLS,0.9989471090828159,0.9816893341957466,0.45996621626369955,0.9801980198019802,0.24752475247524752,0.06930693069306931,0.43234323432343236,9.004497291658307,0.7969008693834674,1424.55,-0.9846153846153847,0.0,0.2598803359512693,68,3,171
LRSLTSEVLHQGYPFAY,0.0008965355821931701,0.9907721537298954,0.2609507955363244,0.058823529411764705,0.8725490196078431,0.3627450980392157,0.43137254901960786,7.246577802567433,-0.09238370831327769,1963.25,-0.08235294117647063,0.08333333333333333,0.03974184136854611,60,1,172
ARRIGYPFAYASG,0.0026558775091514216,0.9488804183263603,0.426659988182766,0.20588235294117646,0.49019607843137253,0.5980392156862745,0.4313725490196078,10.099958073217469,1.7952916425185397,1410.62,-0.16153846153846158,0.625,0.22612712145910735,61,1,173
QSSQSLYNKNINP,0.9974822876906669,0.9941122122435793,0.45996621626369955,0.6732673267326733,0.504950495049505,0.10891089108910891,0.42904290429042913,9.004497291658307,0.7969008693834674,1474.62,-1.4153846153846152,0.0,0.2598803359512693,69,3,174
QSSQSLYNKSHKS,0.9840599819739895,0.9828356170108672,0.5117569535328389,0.15841584158415842,0.297029702970297,0.8316831683168316,0.42904290429042896,10.235645824062818,1.9083186904172793,1475.59,-1.7692307692307692,0.0,0.31175912107347736,70,3,175
LRSLTSADLHDGYPFAY,0.0017575594222907754,0.9985816505658032,0.24238883589726878,0.13725490196078433,0.9803921568627451,0.16666666666666666,0.4281045751633987,5.368390734737398,-1.092252388888832,1908.13,-0.22352941176470595,0.08333333333333333,0.01509322967444108,62,1,176
ARHAQASQG,0.004975395498134884,0.6226906564101983,0.4547657803539421,0.3235294117647059,0.2647058823529412,0.696078431372549,0.42810457516339867,10.25683703134732,0.9110979338573653,906.9599999999999,-1.1666666666666667,0.0,0.25464176369958536,63,1,177
GRYGIGVSYQTT,0.9845107252002142,0.9753709710022357,0.4400183020140339,0.5346534653465347,0.594059405940594,0.1485148514851485,0.42574257425742573,8.885304528194467,0.7952995857377918,1283.42,-0.44166666666666665,0.0,0.23972805512661893,55,2,178
LVAQAASRT,0.007806512440973133,0.9476719014299532,0.3372337868291603,0.38235294117647056,0.47058823529411764,0.4117647058823529,0.4215686274509804,10.250002764536148,0.7992821640792485,898.04,0.43333333333333335,0.5,0.13108852773689567,64,1,179
TRMSGYPFAY,0.0032996033227987507,0.9228085185710878,0.4224348890344488,0.24509803921568626,0.43137254901960786,0.5882352941176471,0.4215686274509804,8.885304528194467,0.7952995857377918,1174.37,-0.41000000000000003,0.2,0.22180353595644572,65,1,180
LQYSSSPT,0.014178313823481547,0.0025988867815897277,0.2547255628294827,0.5263157894736842,0.15789473684210525,0.5789473684210527,0.42105263157894735,5.548269836079365,-0.20270118187222796,863.94,-0.7125,0.0,0.03160855470675148,15,0,181
GRYGIGVSYTNS,0.9845107252002142,0.9753709710022357,0.4400183020140339,0.5445544554455446,0.5742574257425742,0.13861386138613863,0.4191419141914192,8.885304528194467,0.7952995857377918,1255.37,-0.45,0.0,0.23972805512661893,56,2,182
KSSQSLYNKS,0.9694569373467452,0.9578250322194981,0.5048582708384335,0.26732673267326734,0.297029702970297,0.6930693069306931,0.4191419141914192,10.235509726834831,1.7965029206391625,1123.24,-1.55,0.0,0.30485842373879257,57,2,183
QSSQSLYNRQ,0.98055165784068,0.9561408434958985,0.4669903734968082,0.4158415841584158,0.2871287128712871,0.5544554455445545,0.41914191419141916,9.048980578024892,0.7972908749085201,1192.27,-1.8399999999999999,0.0,0.26694228974372314,58,2,184
RSSQDFGSSGWRDRK,0.000744909281221634,0.9854980804858894,0.3470306931107583,0.0392156862745098,0.7745098039215687,0.43137254901960786,0.4150326797385621,11.376566071038198,1.7995005844916991,1750.86,-2.0,0.0,0.14197077596613916,66,1,185
GRYGIGVSYNSN,0.9845107252002142,0.9753709710022357,0.4400183020140339,0.5544554455445545,0.5643564356435644,0.1188118811881188,0.4125412541254126,8.885304528194467,0.7952995857377918,1268.37,-0.6833333333333332,0.0,0.23972805512661893,59,2,186
QSSQSLYNKRIYS,0.9847376912257358,0.9784755362664509,0.5408454008824555,0.18811881188118812,0.16831683168316833,0.8811881188118812,0.41254125412541254,9.989236285902532,1.794901636993487,1555.73,-1.2615384615384615,0.0,0.34093662548525955,71,3,187
RSSQSLYNKNYPS,0.9861206347385056,0.9784658117800791,0.5408454008824555,0.21782178217821782,0.15841584158415842,0.8613861386138614,0.41254125412541254,9.989236285902532,1.794901636993487,1525.67,-1.7307692307692308,0.0,0.34093662548525955,72,3,188
KSSQSLYNKNMNS,0.9898350854049003,0.9831700478662028,0.5048582708384335,0.31683168316831684,0.34653465346534656,0.5742574257425742,0.41254125412541254,10.235509726834831,1.7965029206391625,1482.6599999999999,-1.5846153846153848,0.0,0.30485842373879257,73,3,189
RYHAVFAFASNNG,0.0019898837956548996,0.9581892587348455,0.3756453759159956,0.16666666666666666,0.5490196078431373,0.5196078431372549,0.411764705882353,9.056955182131212,0.9091066446866369,1435.59,-0.15384615384615388,0.75,0.17298175860366677,67,1,190
RSSQSLYNKN,0.9920184414188941,0.988525702139044,0.4683728306688122,0.36633663366336633,0.40594059405940597,0.45544554455445546,0.40924092409240925,10.444759873611691,1.7968929261642153,1178.29,-1.8800000000000001,0.0,0.268330547839822,74,3,191
GRYGIGVSYTQV,0.9806808013830014,0.9719087027495745,0.4400183020140339,0.4752475247524752,0.5346534653465347,0.21782178217821782,0.40924092409240925,8.885304528194467,0.7952995857377918,1281.44,-0.03333333333333332,0.0,0.23972805512661893,61,2,192
ARHTGYPFSL,0.0019449034157969407,0.28446696537791244,0.4730075480360313,0.1568627450980392,0.2549019607843137,0.8137254901960784,0.40849673202614384,9.056955182131212,0.9091066446866369,1130.29,-0.41000000000000003,0.0,0.27298128009192757,68,1,193
RASTLES,0.9747691245944514,0.011986063642220888,0.2548030239814598,0.7254901960784313,0.16666666666666666,0.3333333333333333,0.4084967320261437,6.071113350953693,-0.20021689974993784,744.8199999999999,-0.6714285714285715,0.0,0.03171055272840581,69,1,194
QRSQSLYNKC,0.9023709387999592,0.8668363102453102,0.5484535634984942,0.13861386138613863,0.1188118811881188,0.9603960396039604,0.4059405940594059,9.322910557300524,1.7233053700466416,1208.37,-1.55,0.0,0.3486060995681499,62,2,195
LRSLTSETLHDGYPFAY,0.0006261811273209501,0.9993191524858861,0.24239091424516057,0.0196078431372549,1.0,0.19607843137254902,0.4052287581699346,5.4208665961783655,-1.0920675805156481,1952.19,-0.37058823529411766,0.08333333333333333,0.015096059098284724,70,1,196
QSSQSLYNKR,0.9905413728269189,0.9873697157359906,0.4683728306688122,0.3564356435643564,0.38613861386138615,0.46534653465346537,0.40264026402640263,10.444759873611691,1.7968929261642153,1192.31,-1.8800000000000001,0.0,0.268330547839822,75,3,197
QSSQSLYNRS,0.98055165784068,0.9561408434958985,0.4669903734968082,0.40594059405940597,0.27722772277227725,0.5148514851485149,0.3993399339933994,9.048980578024892,0.7972908749085201,1151.22,-1.57,0.0,0.26694228974372314,63,2,198
SRYGIGVSYYKN,0.9836693525631588,0.9484686220871085,0.5597864976007396,0.1485148514851485,0.0594059405940594,0.9900990099009901,0.39933993399339934,9.754469931865781,1.7929103478227586,1388.56,-0.7916666666666666,0.14285714285714285,0.36007390369958503,77,3,199
QSSQSSLNKN,0.9453666972259256,0.8783439851443181,0.5076860534230307,0.19801980198019803,0.16831683168316833,0.8316831683168316,0.39933993399339934,9.400002955695708,0.7988921585541957,1074.1299999999999,-1.73,0.0,0.30768665891796443,64,2,200
QSSQSLYNKKTLN,0.9879588689672871,0.9814846083270298,0.5048582708384335,0.25742574257425743,0.2376237623762376,0.7029702970297029,0.39933993399339934,10.235509726834831,1.7965029206391625,1492.67,-1.4307692307692308,0.0,0.30485842373879257,76,3,201
MSSQSLYNKK,0.960371793475756,0.950768184707852,0.5048582708384335,0.24752475247524752,0.2376237623762376,0.7029702970297029,0.396039603960396,10.235509726834831,1.7965029206391625,1167.36,-1.28,0.0,0.30485842373879257,65,2,202
PRYGIGVSYYKI,0.9725460973591844,0.9266764858008141,0.50451888523084,0.2871287128712871,0.22772277227722773,0.6633663366336634,0.3927392739273928,9.754469931865781,1.7929103478227586,1397.65,-0.19166666666666665,0.2857142857142857,0.3045190082730026,66,2,203
RSSQSLYNKNQLS,0.9898350854049003,0.9831700478662028,0.4683728306688122,0.33663366336633666,0.31683168316831684,0.5247524752475248,0.3927392739273928,10.444759873611691,1.7968929261642153,1506.6599999999999,-1.4846153846153847,0.0,0.268330547839822,78,3,204
LRSLQSQDLHDGYPFAY,0.0006644217664717833,0.9985050935834892,0.24238883589726878,0.029411764705882353,0.9705882352941176,0.1764705882352941,0.39215686274509803,5.368390734737398,-1.092252388888832,1992.2,-0.7000000000000001,0.08333333333333333,0.01509322967444108,71,1,205
HRSQSLYNKN,0.9502277746431105,0.9586999197361922,0.47525484864797585,0.2079207920792079,0.31683168316831684,0.6435643564356436,0.3894389438943895,10.444872161087645,1.908708695942332,1228.35,-2.12,0.0,0.27523461622216727,67,2,206
GRYGIGVSYNNI,0.9806808013830014,0.9719087027495745,0.4400183020140339,0.45544554455445546,0.5247524752475248,0.18811881188118812,0.38943894389438943,8.885304528194467,0.7952995857377918,1294.45,-0.24166666666666667,0.0,0.23972805512661893,68,2,207
QRYGIGVSYYKN,0.9836693525631588,0.9484686220871085,0.5597864976007396,0.13861386138613863,0.04950495049504951,0.9801980198019802,0.38943894389438943,9.754469931865781,1.7929103478227586,1429.61,-1.0166666666666666,0.14285714285714285,0.36007390369958503,79,3,208
KSHQSLYNKN,0.8482016304865616,0.8706625325128292,0.5117569535328389,0.07920792079207921,0.15841584158415842,0.9207920792079208,0.3861386138613862,10.235645824062818,1.9083186904172793,1200.33,-2.06,0.0,0.31175912107347736,70,2,209
GRYGIGVSYQSN,0.9845107252002142,0.9753709710022357,0.4400183020140339,0.5247524752475248,0.5841584158415841,0.04950495049504951,0.3861386138613862,8.885304528194467,0.7952995857377918,1282.3899999999999,-0.6833333333333332,0.0,0.23972805512661893,69,2,210
HSSQSLYNKNILK,0.9797477908314391,0.9800693847148416,0.5117569535328389,0.09900990099009901,0.2079207920792079,0.8514851485148515,0.3861386138613861,10.235645824062818,1.9083186904172793,1513.73,-1.0076923076923079,0.0,0.31175912107347736,80,3,211
GRYGIGVSYQVQ,0.9806808013830014,0.9719087027495745,0.4400183020140339,0.42574257425742573,0.504950495049505,0.22772277227722773,0.3861386138613861,8.885304528194467,0.7952995857377918,1308.46,-0.26666666666666666,0.0,0.23972805512661893,71,2,212
QGEFSCSSADCTA,0.9987766754997734,0.0011074328790576186,0.23469038770780684,0.7894736842105263,0.0,0.3684210526315789,0.3859649122807018,3.341006950389832,-2.347067940968204,1287.36,-0.2,0.0,0.004496668116036301,16,0,213
ARSLTSEDSALGYPFAY,0.0004426246764616871,0.9991639970437068,0.21283259260425094,0.10526315789473684,0.894736842105263,0.15789473684210525,0.3859649122807017,4.083035031316335,-1.203883350293765,1830.02,-0.20000000000000004,0.25,-0.02698375880011106,17,0,214
TSSQSLYNKNLLK,0.987519676317586,0.9809774327100277,0.5048582708384335,0.24752475247524752,0.21782178217821782,0.6831683168316832,0.38283828382838286,10.235509726834831,1.7965029206391625,1477.7,-0.8692307692307693,0.0,0.30485842373879257,81,3,215
QSSQSLPNKN,0.9319940080565413,0.8503804160069948,0.5076860534230307,0.15841584158415842,0.09900990099009901,0.8910891089108911,0.38283828382838286,9.400002955695708,0.7988921585541957,1084.17,-1.81,0.0,0.30768665891796443,72,2,216
ARHSSYPFAYASG,0.003815008248536252,0.9361152390117129,0.3517244948790804,0.2549019607843137,0.45098039215686275,0.4411764705882353,0.38235294117647056,8.893597311441816,0.9071153555159086,1395.52,-0.5000000000000001,0.5,0.14713310397939833,72,1,217
NYSQSLYNKK,0.8711796775085157,0.842043929824339,0.549624725441614,0.0891089108910891,0.07920792079207921,0.9702970297029703,0.3795379537953795,9.90951555736087,1.7945116314684342,1226.37,-1.8699999999999999,0.0,0.3497886373183476,73,2,218
LRSSTSESLHDGYPFAY,0.0008253922506688035,0.9945480202762148,0.24239091424516057,0.049019607843137254,0.9019607843137255,0.18627450980392157,0.3790849673202614,5.4208665961783655,-1.0920675805156481,1912.08,-0.6470588235294119,0.08333333333333333,0.015096059098284724,74,1,219
ARSLTSEDSTLTYPFAY,0.006675826098914516,0.9840795260654992,0.23660845715394518,0.3529411764705882,0.7156862745098039,0.06862745098039216,0.3790849673202614,4.083035031316335,-1.203883350293765,1904.1100000000001,-0.3647058823529412,0.16666666666666666,0.007158908362827932,73,1,220
QSSQSSQNKI,0.9381772656854432,0.8691132722145439,0.5076860534230307,0.1782178217821782,0.1485148514851485,0.801980198019802,0.3762376237623763,9.400002955695708,0.7988921585541957,1088.1499999999999,-1.6600000000000001,0.0,0.30768665891796443,74,2,221
QSSQSLMNKN,0.9379116183692777,0.8658198195355157,0.5076860534230307,0.16831683168316833,0.10891089108910891,0.8415841584158416,0.37293729372937295,9.400002955695708,0.7988921585541957,1118.25,-1.46,0.0,0.30768665891796443,75,2,222
GRYGIGVSYSNI,0.9806808013830014,0.9719087027495745,0.4400183020140339,0.46534653465346537,0.4752475247524752,0.1782178217821782,0.3729372937293729,8.885304528194467,0.7952995857377918,1267.42,-0.016666666666666673,0.0,0.23972805512661893,76,2,223
YGIGVSYNDI,0.9589806843922649,0.6474189110649939,0.2413328313173921,0.6764705882352942,0.29411764705882354,0.14705882352941177,0.37254901960784315,3.4999657521989755,-1.2043763432453265,1082.19,0.2,0.0,0.013653463813203877,75,1,224
WRHNGYPFAY,0.001276081735960262,0.9019916565665462,0.4285412076995427,0.08823529411764705,0.4215686274509804,0.6078431372549019,0.37254901960784315,8.893597311441816,0.9071153555159086,1292.44,-1.2100000000000002,0.2,0.22804863114170068,76,1,225
WRYGIGVSYQSS,0.9903028694802261,0.9637318605584081,0.4400183020140339,0.6633663366336634,0.37623762376237624,0.06930693069306931,0.36963696369636967,8.885304528194467,0.7952995857377918,1384.52,-0.5,0.0,0.23972805512661893,77,2,226
PSSQSLYNKNLYR,0.9829736854926876,0.9756754891975528,0.5408454008824555,0.1188118811881188,0.1188118811881188,0.8712871287128713,0.36963696369636967,9.989236285902532,1.794901636993487,1551.75,-1.3769230769230771,0.0,0.34093662548525955,82,3,227
KSSQSLYNKQSLS,0.9894528811037346,0.9823675492305125,0.5048582708384335,0.27722772277227725,0.26732673267326734,0.5643564356435644,0.36963696369636967,10.235509726834831,1.7965029206391625,1451.61,-1.2307692307692308,0.0,0.30485842373879257,83,3,228
GRYGIGVSYSVQ,0.9806808013830014,0.9719087027495745,0.4400183020140339,0.48514851485148514,0.49504950495049505,0.12871287128712872,0.36963696369636967,8.885304528194467,0.7952995857377918,1267.41,-0.04166666666666666,0.0,0.23972805512661893,78,2,229
QSSQSLYNKNFLT,0.9970307053992664,0.9937749607263435,0.45996621626369955,0.6138613861386139,0.48514851485148514,0.0,0.3663366336633664,9.004497291658307,0.7969008693834674,1511.68,-0.9153846153846155,0.0,0.2598803359512693,85,3,230
QSSQSLYNKNFNP,0.9968005124870222,0.9931410030796632,0.45996621626369955,0.504950495049505,0.4752475247524752,0.1188118811881188,0.3663366336633664,9.004497291658307,0.7969008693834674,1508.6399999999999,-1.5461538461538462,0.0,0.2598803359512693,86,3,231
KSSQSLYNKNWNP,0.9902434826600971,0.9608010991401664,0.5048582708384335,0.34653465346534656,0.09900990099009901,0.6534653465346535,0.3663366336633664,10.235509726834831,1.7965029206391625,1547.71,-1.8615384615384616,0.0,0.30485842373879257,84,3,232
GRYGIGVSYQLT,0.9806808013830014,0.9719087027495745,0.4400183020140339,0.44554455445544555,0.48514851485148514,0.15841584158415842,0.363036303630363,8.885304528194467,0.7952995857377918,1295.47,-0.06666666666666668,0.0,0.23972805512661893,79,2,233
AHTSLCNTFAY,0.0073967500360797404,0.8371072414390606,0.2583927022389889,0.37254901960784315,0.37254901960784315,0.3431372549019608,0.36274509803921573,7.172182197563821,-0.16447296821168467,1209.37,0.22727272727272724,0.0,0.036415168658728674,77,1,234
QSSQSLYNKKALT,0.9852224673954588,0.9790770861044784,0.5048582708384335,0.2079207920792079,0.19801980198019803,0.6732673267326733,0.35973597359735976,10.235509726834831,1.7965029206391625,1449.6399999999999,-1.0230769230769232,0.0,0.30485842373879257,87,3,235
ARTSLGSYFAY,0.003941732224754749,0.7196550780896642,0.36751137481362073,0.28431372549019607,0.3235294117647059,0.47058823529411764,0.3594771241830066,8.885304528194467,0.7952995857377918,1217.37,0.03636363636363633,0.3333333333333333,0.1642730083756948,78,1,236
AASLTSEDSATSYPFAY,0.0016370907261761447,0.9944134835015906,0.2352065647111307,0.12745098039215685,0.892156862745098,0.058823529411764705,0.35947712418300654,3.341018079664769,-2.203875407074513,1762.89,-0.11764705882352944,0.08333333333333333,0.005214587171799557,80,1,237
ARSLTSEDSACNYPFAY,0.0009309122446671912,0.9889905283037762,0.24069327405805474,0.0784313725490196,0.8627450980392157,0.13725490196078433,0.35947712418300654,4.083006095742974,-1.2774709064113385,1877.06,-0.45882352941176474,0.08333333333333333,0.012779396719834775,79,1,238
YGIGVSYGNI,0.9720328390605358,0.735463713276865,0.2289355233889525,0.696078431372549,0.3333333333333333,0.049019607843137254,0.35947712418300654,5.546553347739746,-0.2046924710429563,1024.15,0.51,0.0,-0.003582897665594144,81,1,239
RYSQSLYNKK,0.781053166146228,0.8336460333617569,0.5359291309530706,0.04950495049504951,0.06930693069306931,0.9504950495049505,0.3564356435643565,10.447342936968301,2.794503688249182,1268.45,-1.97,0.0,0.3359911645949153,80,2,240
LQASSQGT,0.11389905910532232,0.033429256592240594,0.25476266248283286,0.5392156862745098,0.22549019607843138,0.30392156862745096,0.3562091503267974,5.549999999999988,-0.20070989270149964,772.8199999999999,-0.5125000000000001,0.0,0.03165740872491359,82,1,241
HSSQSLYNKS,0.9694569373467452,0.9578250322194981,0.46602895980153636,0.27722772277227725,0.3069306930693069,0.4752475247524752,0.35313531353135313,9.012496701684785,0.9087166391615842,1132.21,-1.48,0.0,0.2659765430100103,82,2,242
QSSQSCKNKN,0.7837079931117575,0.6986791124897245,0.5610390908380598,0.0594059405940594,0.0,1.0,0.35313531353135313,9.555922100024965,1.7249066536923172,1105.2,-2.17,0.0,0.36134505495303887,81,2,243
PRYGIGVSYYKN,0.9779524253951689,0.9353427746352061,0.5597864976007396,0.07920792079207921,0.009900990099009901,0.9702970297029703,0.35313531353135313,9.754469931865781,1.7929103478227586,1398.6,-0.8583333333333334,0.14285714285714285,0.36007390369958503,89,3,244
GRYGIGVSYQSI,0.9806808013830014,0.9719087027495745,0.4400183020140339,0.49504950495049505,0.46534653465346537,0.09900990099009901,0.35313531353135313,8.885304528194467,0.7952995857377918,1281.44,-0.016666666666666673,0.0,0.23972805512661893,83,2,245
KSSQSLYNKNFLS,0.9841828891608092,0.9778877927987302,0.5048582708384335,0.1782178217821782,0.13861386138613863,0.7425742574257426,0.35313531353135313,10.235509726834831,1.7965029206391625,1497.69,-0.9538461538461539,0.0,0.30485842373879257,88,3,246
LQMSSQPV,0.08464122446851087,0.02761971305591613,0.25476266248283286,0.5196078431372549,0.21568627450980393,0.3235294117647059,0.35294117647058826,5.549999999999988,-0.20070989270149964,871.03,-0.03750000000000003,0.0,0.03165740872491359,83,1,247
AHTSLGDYFAY,0.0013879376904720859,0.9980248860339768,0.19131842864394127,0.3157894736842105,0.6842105263157894,0.05263157894736842,0.3508771929824561,5.227194968502397,-1.0925605734672095,1226.33,-0.09090909090909095,0.3333333333333333,-0.06036650657821355,18,0,248
GRYGIGVSYPSN,0.9790820768098665,0.9688726852644652,0.4400183020140339,0.39603960396039606,0.44554455445544555,0.19801980198019803,0.34653465346534656,8.885304528194467,0.7952995857377918,1251.38,-0.525,0.0,0.23972805512661893,84,2,249
KSSQSLYNKY,0.9587182874801345,0.9489757603784392,0.549624725441614,0.039603960396039604,0.06930693069306931,0.9306930693069307,0.34653465346534656,9.90951555736087,1.7945116314684342,1199.34,-1.6,0.0,0.3497886373183476,90,3,250
FQGSSQPT,0.055626110154518356,0.0380742996196859,0.25476266248283286,0.5,0.24509803921568626,0.29411764705882354,0.34640522875817,5.549999999999988,-0.20070989270149964,832.88,-1.0625,0.0,0.03165740872491359,84,1,251
GRYGIGVSYTVQ,0.9806808013830014,0.9719087027495745,0.4400183020140339,0.43564356435643564,0.5148514851485149,0.07920792079207921,0.3432343234323432,8.885304528194467,0.7952995857377918,1281.44,-0.03333333333333332,0.0,0.23972805512661893,85,2,252
QQSQSLYNKK,0.9023709387999592,0.8668363102453102,0.5048582708384335,0.12871287128712872,0.13861386138613863,0.7524752475247525,0.33993399339933994,10.235509726834831,1.7965029206391625,1205.34,-2.09,0.0,0.30485842373879257,86,2,253
QSSQSLYNKQWLK,0.9812831306681111,0.975686442436967,0.5048582708384335,0.10891089108910891,0.12871287128712872,0.7821782178217822,0.33993399339933994,10.235509726834831,1.7965029206391625,1591.79,-1.4461538461538461,0.0,0.30485842373879257,91,3,254
LQSSFSPT,0.07591908237516971,0.01988904469940148,0.25476266248283286,0.5098039215686274,0.19607843137254902,0.3137254901960784,0.3398692810457516,5.549999999999988,-0.20070989270149964,847.94,-0.20000000000000007,0.0,0.03165740872491359,86,1,255
LQMQSSPT,0.09977156113591826,0.02243267013031578,0.25476266248283286,0.5294117647058824,0.20588235294117646,0.28431372549019607,0.3398692810457516,5.549999999999988,-0.20070989270149964,873.01,-0.65,0.0,0.03165740872491359,87,1,256
YGIGVSSYDI,0.9598299823506444,0.6493650508157378,0.22177121611663714,0.6862745098039216,0.30392156862745096,0.029411764705882353,0.3398692810457516,3.4999657521989755,-1.2043763432453265,1055.16,0.47000000000000003,0.0,-0.0138435637970795,85,1,257
KSSQSLYNKNNLP,0.9865620839504458,0.9790676275768879,0.5048582708384335,0.22772277227722773,0.18811881188118812,0.594059405940594,0.33663366336633666,10.235509726834831,1.7965029206391625,1474.6599999999999,-1.5,0.0,0.30485842373879257,92,3,258
ARQLTSEQSASGYPFAY,0.001444057350244978,0.9696206268319536,0.2547283181673387,0.11764705882352941,0.6078431372549019,0.27450980392156865,0.3333333333333333,6.067614165372774,-0.2041994780913945,1858.03,-0.6294117647058824,0.08333333333333333,0.031612183185350945,89,1,259
CRHNGYPFAY,0.0022819413051187528,0.929655959793234,0.3251172431589508,0.1764705882352941,0.4411764705882353,0.38235294117647056,0.3333333333333333,8.241032783993347,0.833527799398335,1209.37,-0.8700000000000001,0.2,0.11741172080997633,88,1,260
HSSQSLGNKN,0.678080258054357,0.8323808854352419,0.5129796818206812,0.009900990099009901,0.0594059405940594,0.9306930693069307,0.3333333333333333,9.40729437986662,0.9107079283323125,1053.11,-1.6600000000000001,0.0,0.3129825986198306,87,2,261
QRSQSLYNKNNLC,0.9659357309382041,0.9436437045655103,0.5484535634984942,0.04950495049504951,0.0297029702970297,0.9108910891089109,0.33003300330033003,9.322910557300524,1.7233053700466416,1549.75,-1.4384615384615385,0.0,0.3486060995681499,93,3,262
RGEFSCSSQDCTA,0.9556058445433644,0.018298533452488164,0.24011789073820988,0.6568627450980392,0.18627450980392157,0.12745098039215685,0.3235294117647059,4.082978617804445,-1.3470758841874555,1372.47,-0.6846153846153846,0.0,0.011991678072657497,91,1,263
YGIGVSYTDI,0.9589806843922649,0.6474189110649939,0.22049163687533357,0.6666666666666666,0.28431372549019607,0.0196078431372549,0.3235294117647059,3.4999657521989755,-1.2043763432453265,1069.19,0.48,0.0,-0.01570091277696028,90,1,264
QSSQSLGHKN,0.6396118302693709,0.8183841245907487,0.5129796818206812,0.0,0.0297029702970297,0.9405940594059407,0.32343234323432346,9.40729437986662,0.9107079283323125,1067.1299999999999,-1.6600000000000001,0.0,0.3129825986198306,88,2,265
GRYGIGVSYPQI,0.9739453728173582,0.9645301294621822,0.4400183020140339,0.34653465346534656,0.4158415841584158,0.2079207920792079,0.3234323432343234,8.885304528194467,0.7952995857377918,1291.48,-0.08333333333333333,0.0,0.23972805512661893,90,2,266
QVSQSLYNKK,0.8758855528412488,0.8469870679699326,0.5048582708384335,0.09900990099009901,0.0891089108910891,0.7821782178217822,0.3234323432343234,10.235509726834831,1.7965029206391625,1176.34,-1.3199999999999998,0.0,0.30485842373879257,89,2,267
NRYGIGVSYYTS,0.9903515153303712,0.9509293166555826,0.421646761007045,0.6732673267326733,0.24752475247524752,0.0297029702970297,0.31683168316831684,8.788772493769276,0.7933082965670635,1361.5,-0.525,0.14285714285714285,0.22099577053819577,91,2,268
EAYWGQGTTTVSA,0.0021654669777726875,0.0011549900963122423,0.24135244356241956,0.42105263157894735,0.05263157894736842,0.47368421052631576,0.3157894736842105,3.5999522704186733,-1.202200245701414,1352.44,-0.3923076923076923,0.0,0.013680242395932102,19,0,269
AHTSLGTYFAY,0.003830926207195847,0.9761152052889688,0.2070192626437895,0.2647058823529412,0.6666666666666666,0.00980392156862745,0.3137254901960784,7.245392601526596,-0.09287670126483938,1212.35,0.16363636363636358,0.3333333333333333,-0.03574677132601333,92,1,270
QSSQSLGTKN,0.7708814681051919,0.8273929512516052,0.5076860534230307,0.0297029702970297,0.04950495049504951,0.8613861386138614,0.3135313531353135,9.400002955695708,0.7988921585541957,1031.1,-1.41,0.0,0.30768665891796443,92,2,271
AHTSLGNYFAY,0.003830926207195847,0.9761152052889688,0.2070192626437895,0.27450980392156865,0.6568627450980392,0.0,0.3104575163398693,7.245392601526596,-0.09287670126483938,1225.35,-0.09090909090909095,0.3333333333333333,-0.03574677132601333,94,1,272
AHTSLGDSFAY,0.0024916172866302397,0.9581426017591833,0.2424049722142224,0.18627450980392157,0.5392156862745098,0.20588235294117646,0.3104575163398693,5.227253132608553,-1.090569284296481,1150.23,-0.045454545454545504,0.0,0.015115196920528953,93,1,273
TSSQSLYNKNRGS,0.9890531807759126,0.9814762175658508,0.4683728306688122,0.26732673267326734,0.22772277227722773,0.43564356435643564,0.3102310231023102,10.444759873611691,1.7968929261642153,1423.53,-1.5923076923076922,0.0,0.268330547839822,95,3,274
HSSQSLYNKNRLS,0.9834809576787072,0.9823647834326478,0.47525484864797585,0.12871287128712872,0.25742574257425743,0.5346534653465347,0.3069306930693069,10.444872161087645,1.908708695942332,1515.67,-1.4615384615384615,0.0,0.27523461622216727,96,3,275
GRYGIGVSYGNI,0.9739453728173582,0.9645301294621822,0.4400183020140339,0.3564356435643564,0.39603960396039606,0.16831683168316833,0.3069306930693069,8.885304528194467,0.7952995857377918,1237.3899999999999,0.016666666666666663,0.0,0.23972805512661893,93,2,276
GRYGIGVSYGSN,0.9790820768098665,0.9688726852644652,0.4400183020140339,0.38613861386138615,0.45544554455445546,0.0594059405940594,0.30033003300330036,8.885304528194467,0.7952995857377918,1211.31,-0.425,0.0,0.23972805512661893,94,2,277
YGIGVSYYDI,0.9986411752114629,0.9637742389578504,0.17003408598411246,0.631578947368421,0.2631578947368421,0.0,0.2982456140350877,3.4999654844262293,-1.2063676324160546,1131.26,0.42000000000000004,0.4,-0.0963464274390139,20,0,278
GRYGIGVSNPNQ,0.9167352116064733,0.9027693599219704,0.4669903734968082,0.1485148514851485,0.2079207920792079,0.5346534653465347,0.297029702970297,9.048980578024892,0.7972908749085201,1243.36,-0.9333333333333332,0.0,0.26694228974372314,95,2,279
QSSQSLGNKS,0.7708814681051919,0.8273929512516052,0.5076860534230307,0.039603960396039604,0.039603960396039604,0.8118811881188119,0.297029702970297,9.400002955695708,0.7988921585541957,1017.0699999999999,-1.4200000000000002,0.0,0.30768665891796443,96,2,280
GRYGIGVSYPLS,0.9739453728173582,0.9645301294621822,0.4400183020140339,0.36633663366336633,0.42574257425742573,0.0891089108910891,0.29372937293729373,8.885304528194467,0.7952995857377918,1250.43,0.0833333333333333,0.0,0.23972805512661893,99,2,281
QSSQSLTNKQ,0.832109615857585,0.8118108705393456,0.5076860534230307,0.06930693069306931,0.019801980198019802,0.7920792079207921,0.29372937293729373,9.400002955695708,0.7988921585541957,1102.18,-1.72,0.0,0.30768665891796443,97,2,282
QSSQSLGAKN,0.7198012608392503,0.8030004874663254,0.5076860534230307,0.019801980198019802,0.009900990099009901,0.8514851485148515,0.29372937293729373,9.400002955695708,0.7988921585541957,1001.0699999999999,-1.16,0.0,0.30768665891796443,98,2,283
WSSQSLYNKNTLK,0.9841828891608092,0.9778877927987302,0.5048582708384335,0.16831683168316833,0.1485148514851485,0.5445544554455446,0.28712871287128716,10.235509726834831,1.7965029206391625,1550.75,-1.2307692307692308,0.0,0.30485842373879257,98,3,284
SLYWGQGTTTVSA,0.013878504970791038,0.007309049929859401,0.2547255628294827,0.45098039215686275,0.13725490196078433,0.2647058823529412,0.2843137254901961,5.548269836079365,-0.20270118187222796,1352.48,-0.03076923076923077,0.0,0.03160855470675148,95,1,285
QGTFSCSSADCTA,0.9774631840934818,0.0019804585639343324,0.24011392884430308,0.7352941176470588,0.00980392156862745,0.10784313725490197,0.284313725490196,3.4999449684840345,-1.347568877139017,1259.35,0.015384615384615373,0.0,0.011986249638660037,96,1,286
QSSQSLTNKN,0.950998538735726,0.9424097431381497,0.5076860534230307,0.019801980198019802,0.019801980198019802,0.8118811881188119,0.2838283828382839,9.400002955695708,0.7988921585541957,1088.1599999999999,-1.72,0.0,0.30768665891796443,99,3,287
GRYGIGVSYPSI,0.9739453728173582,0.9645301294621822,0.4400183020140339,0.33663366336633666,0.40594059405940597,0.10891089108910891,0.2838283828382838,8.885304528194467,0.7952995857377918,1250.43,0.14166666666666664,0.0,0.23972805512661893,100,2,288
KSSQSLYNKT,0.9694569373467452,0.9578250322194981,0.5048582708384335,0.0594059405940594,0.07920792079207921,0.7128712871287128,0.2838283828382838,10.235509726834831,1.7965029206391625,1137.27,-1.54,0.0,0.30485842373879257,100,3,289
GRYGIGVSGQTI,0.8978851170582377,0.8902494043140946,0.4669903734968082,0.10891089108910891,0.19801980198019803,0.5247524752475248,0.27722772277227725,9.048980578024892,0.7972908749085201,1189.34,0.06666666666666667,0.0,0.26694228974372314,101,2,290
QRSQSLYNKQ,0.9023709387999592,0.8668363102453102,0.4683728306688122,0.1188118811881188,0.12871287128712872,0.5643564356435644,0.2706270627062706,10.444759873611691,1.7968929261642153,1233.36,-2.15,0.0,0.268330547839822,102,2,291
QGEFSCSSCNCTA,0.9476624919565001,0.0024705998689793594,0.2395413240334081,0.6176470588235294,0.0784313725490196,0.08823529411764705,0.26143790849673204,3.599907731411937,-1.4209716248834068,1318.44,-0.1461538461538462,0.0,0.011201043165161774,97,1,292
QGEFSCSSATCTC,0.9353959730315136,0.0022496433438225116,0.2395413240334081,0.6078431372549019,0.06862745098039216,0.09803921568627451,0.25816993464052285,3.599907731411937,-1.4209716248834068,1305.44,0.06923076923076922,0.0,0.011201043165161774,98,1,293
QAYWGQQNTTVSA,0.007917460226104671,0.003262934351743311,0.2547255628294827,0.39215686274509803,0.11764705882352941,0.24509803921568626,0.25163398692810457,5.548269836079365,-0.20270118187222796,1435.53,-0.8461538461538461,0.0,0.03160855470675148,99,1,294
QGEFSCSSAQCNA,0.9216615848546285,0.0019864258422171216,0.2401154138126832,0.5882352941176471,0.0196078431372549,0.11764705882352941,0.24183006535947715,3.599922702087211,-1.3473840687658332,1313.4,-0.4153846153846154,0.0,0.011988284292153723,100,1,295
EAYWPQGTHTVSY,0.013831200764688708,0.006457179044555081,0.24238742691472032,0.4411764705882353,0.12745098039215685,0.1568627450980392,0.24183006535947713,5.315389689251802,-1.0923757650940256,1520.64,-0.9153846153846155,0.0,0.015091311502639017,101,1,296
SAYWGQGTSTVSA,0.006746071088952708,0.002786487156545792,0.2547255628294827,0.3627450980392157,0.09803921568627451,0.2549019607843137,0.23856209150326793,5.548269836079365,-0.20270118187222796,1296.37,-0.19230769230769232,0.0,0.03160855470675148,102,1,297
SSSQSLYNKK,0.9534255529856331,0.9338391069256177,0.5048582708384335,0.0297029702970297,0.0,0.6336633663366337,0.22112211221122113,10.235509726834831,1.7965029206391625,1123.24,-1.55,0.0,0.30485842373879257,102,3,298
SNYWGQPTTTVSA,0.005820003474317987,0.00270246617945234,0.2547255628294827,0.3333333333333333,0.08823529411764705,0.23529411764705882,0.21895424836601304,5.548269836079365,-0.20270118187222796,1393.5,-0.6846153846153846,0.0,0.03160855470675148,103,1,299
