cdr3,source_file
TYAMG,neutralization_criteria.csv
VITKSGNTYYASWAKG,neutralization_criteria.csv
YGIGVSYYDI,neutralization_criteria.csv
QSSQSLYNKNWLS,neutralization_criteria.csv
KASTLES,neutralization_criteria.csv
QGEFSCSSADCTA,neutralization_criteria.csv
QSSQSLYNKN,neutralization_criteria.csv
GRYGIGVSYYDI,neutralization_criteria.csv
AHTSLGDYFAY,selectivity_criteria.csv
RYHAVFAFASPGG,selectivity_criteria.csv
ARHAFASPG,selectivity_criteria.csv
LEAQAASRT,selectivity_criteria.csv
RASQDFGSSGWRDRR,selectivity_criteria.csv
ARHDGYPFAY,selectivity_criteria.csv
ARSLTSEDSALGYPFAY,selectivity_criteria.csv
ARHDGYPFAYASG,selectivity_criteria.csv
LRSLTSEDLHDGYPFAY,selectivity_criteria.csv
QSSQSLYNKN,selectivity_criteria.csv
GRYGIGVSYYDI,selectivity_criteria.csv
EAYWGQGTTTVSA,BBB_patent_cdr3_only.csv
LQYSSSPT,BBB_patent_cdr3_only.csv
