length,hydrophobic_fraction,aromatic_fraction,positive_fraction,negative_fraction,net_charge_per_residue,gly_pro_fraction
16.0,0.3125,0.1875,0.125,0.0,0.125,0.125
10.0,0.3,0.3,0.0,0.1,-0.1,0.2
13.0,0.23076923076923078,0.15384615384615385,0.07692307692307693,0.0,0.07692307692307693,0.0
7.0,0.2857142857142857,0.0,0.14285714285714285,0.14285714285714285,0.0,0.0
13.0,0.23076923076923078,0.07692307692307693,0.0,0.15384615384615385,-0.15384615384615385,0.07692307692307693
10.0,0.1,0.1,0.1,0.0,0.1,0.0
12.0,0.25,0.25,0.08333333333333333,0.08333333333333333,0.0,0.25
11.0,0.36363636363636365,0.2727272727272727,0.09090909090909091,0.09090909090909091,0.0,0.09090909090909091
13.0,0.46153846153846156,0.23076923076923078,0.15384615384615385,0.0,0.15384615384615385,0.23076923076923078
9.0,0.4444444444444444,0.1111111111111111,0.2222222222222222,0.0,0.2222222222222222,0.2222222222222222
9.0,0.4444444444444444,0.0,0.1111111111111111,0.1111111111111111,0.0,0.0
15.0,0.2,0.13333333333333333,0.26666666666666666,0.13333333333333333,0.13333333333333333,0.13333333333333333
10.0,0.3,0.3,0.2,0.1,0.1,0.2
17.0,0.35294117647058826,0.17647058823529413,0.058823529411764705,0.11764705882352941,-0.058823529411764705,0.11764705882352941
13.0,0.3076923076923077,0.23076923076923078,0.15384615384615385,0.07692307692307693,0.07692307692307693,0.23076923076923078
17.0,0.29411764705882354,0.17647058823529413,0.11764705882352941,0.17647058823529413,-0.058823529411764705,0.11764705882352941
10.0,0.1,0.1,0.1,0.0,0.1,0.0
12.0,0.25,0.25,0.08333333333333333,0.08333333333333333,0.0,0.25
13.0,0.3076923076923077,0.15384615384615385,0.0,0.07692307692307693,-0.07692307692307693,0.15384615384615385
8.0,0.125,0.125,0.0,0.0,0.0,0.125
